question_id,tissue,script_hours,manual_hours,diff_hours,relative_diff_pct,notes
1,成年小鼠全脑/脑块5-12mm,27.0,27.0,0.0,0.0,
2,成年小鼠全脑/脑块5-12mm,None,None,0.0,0.0,回复截断，无时间信息
8,长段CNS/管状组织15-80mm,4.0,4.0,0.0,0.0,回复截断，仅前4步可见
13,成年小鼠全脑/脑块5-12mm,19.0,19.0,0.0,0.0,回复截断，仅到3.1
17,成年小鼠全脑/脑块5-12mm,None,None,0.0,0.0,回复截断，无子步骤
25,人源致密临床组织块,22.0,22.0,0.0,0.0,
34,小型完整样本1-5mm,None,None,0.0,0.0,回复截断，时间信息不完整
39,小型完整样本1-5mm,0.5,0.5,0.0,0.0,脚本仅提取含methanol的rehydration子步骤，PBS-only步骤被过滤
41,硬组织/骨/牙/耳蜗,None,None,0.0,0.0,回复截断，无protocol步骤
54,硬组织/骨/牙/耳蜗,276.0,120.0,156.0,130.0,回复同时包含分析段落和protocol段落，脱钙时间被重复计算（分析段~6.5天 + protocol段~4天）
78,高脂/高色素/高血红素组织,16.0,8.0,8.0,100.0,回复同时包含分析段落和protocol段落，bleaching overnight被重复计算
81,小鼠软器官5-20mm,52.5,52.5,0.0,0.0,
