组织,样本数,平均透明时间(h),中位数(h),最小值(h),最大值(h),标准差(h)
硬组织/骨/牙/耳蜗,498,224.57242302543509,192.0,0.25,1200.5833333333333,184.41983377467344
完整成年小鼠全身,51,200.62091503267973,129.5,15.25,822.3333333333333,202.978265334634
植物整株/叶片/幼苗,47,161.60283687943263,109.0,1.0,744.5,180.7995487147262
小鼠软器官5-20mm,696,110.39092432950191,64.0,1.0,1117.0,115.16538692941734
完整眼球/视网膜/色素眼组织,115,97.53876811594203,83.0,8.0,518.5,77.93293070743243
人源致密临床组织块,193,97.43177892918825,55.0,1.0,1055.0,132.3064067483826
成年小鼠全脑/脑块5-12mm,319,93.3044670846395,56.0,3.5,858.0,99.74510365005868
长段CNS/管状组织15-80mm,358,91.89199255121044,57.625,4.0,732.0,94.47195917389949
厚切片/小组织块0.5-3mm,141,84.57239952718676,57.25,0.5,394.0,76.85809493526446
高脂/高色素/高血红素组织,344,81.28459302325582,59.0,3.0,504.0,65.68977003473569
小型完整样本1-5mm,391,62.895741687979545,39.0,0.5,639.5,70.23694300333825
薄切片<=500um,74,36.52522522522523,22.0,1.0,226.5,43.31166320148497
