pair_id,seed_id,family,expected_relation,expected_affected_components,shift_s_method,shift_s_label,shift_s_trans,shift_s_time,shift_completeness_total,shift_correctness_total,status
DEV-MUT-001,SEED-002,REQUIRED_INFORMATION_OMISSION,EQUIVALENT,S_METHOD,,,,,,,ok/judge_missing
DEV-MUT-002,SEED-002,REQUIRED_INFORMATION_OMISSION,DEGRADED,COMPLETENESS;S_TIME,,,,,,,ok/judge_missing
DEV-MUT-003,SEED-002,SAMPLE_METHOD_OR_RI_SCOPE_CONFLICT,HARD_FAIL,S_METHOD;S_TRANS;S_TIME,,,,,,,ok/judge_missing
DEV-MUT-004,SEED-003,REQUIRED_INFORMATION_OMISSION,EQUIVALENT,S_METHOD,,,,,,,ok/judge_missing
DEV-MUT-005,SEED-003,REQUIRED_INFORMATION_OMISSION,DEGRADED,COMPLETENESS;S_TIME,,,,,,,ok/judge_missing
DEV-MUT-006,SEED-003,SAMPLE_METHOD_OR_RI_SCOPE_CONFLICT,HARD_FAIL,S_METHOD;S_TRANS;S_TIME,,,,,,,ok/judge_missing
DEV-MUT-007,SEED-004,CLEARING_TIME_OUT_OF_RANGE,EQUIVALENT,S_METHOD,,,,,,,ok/judge_missing
DEV-MUT-008,SEED-004,CLEARING_TIME_OUT_OF_RANGE,HARD_FAIL,S_TIME;COMPLETENESS,,,,,,,ok/judge_missing
DEV-MUT-009,SEED-004,METHOD_FLUOROPHORE_CONFLICT,DEGRADED,S_LABEL;CORRECTNESS,,,,,,,ok/judge_missing
DEV-MUT-010,SEED-005,STEP_ORDER_OR_CHEMISTRY_CONFLICT,EQUIVALENT,S_METHOD,,,,,,,ok/judge_missing
DEV-MUT-011,SEED-005,STEP_ORDER_OR_CHEMISTRY_CONFLICT,DEGRADED,CORRECTNESS,,,,,,,ok/judge_missing
DEV-MUT-012,SEED-005,TARGET_MARKER_MISMATCH,DEGRADED,CORRECTNESS;S_LABEL,,,,,,,ok/judge_missing
DEV-MUT-013,SEED-007,REQUIRED_INFORMATION_OMISSION,EQUIVALENT,S_METHOD,,,,,,,ok/judge_missing
DEV-MUT-014,SEED-007,REQUIRED_INFORMATION_OMISSION,DEGRADED,COMPLETENESS;S_TIME,,,,,,,ok/judge_missing
DEV-MUT-015,SEED-007,SAMPLE_METHOD_OR_RI_SCOPE_CONFLICT,HARD_FAIL,S_METHOD;S_TRANS;S_TIME,,,,,,,ok/judge_missing
DEV-MUT-016,SEED-008,REQUIRED_INFORMATION_OMISSION,EQUIVALENT,S_METHOD,,,,,,,ok/judge_missing
DEV-MUT-017,SEED-008,REQUIRED_INFORMATION_OMISSION,DEGRADED,COMPLETENESS;S_TIME,,,,,,,ok/judge_missing
DEV-MUT-018,SEED-008,SAMPLE_METHOD_OR_RI_SCOPE_CONFLICT,HARD_FAIL,S_METHOD;S_TRANS;S_TIME,,,,,,,ok/judge_missing
DEV-MUT-019,SEED-011,CLEARING_TIME_OUT_OF_RANGE,EQUIVALENT,S_METHOD,,,,,,,ok/judge_missing
DEV-MUT-020,SEED-011,CLEARING_TIME_OUT_OF_RANGE,HARD_FAIL,S_TIME;COMPLETENESS,,,,,,,ok/judge_missing
DEV-MUT-021,SEED-011,METHOD_FLUOROPHORE_CONFLICT,DEGRADED,S_LABEL;CORRECTNESS,,,,,,,ok/judge_missing
DEV-MUT-022,SEED-012,STEP_ORDER_OR_CHEMISTRY_CONFLICT,EQUIVALENT,S_METHOD,,,,,,,ok/judge_missing
DEV-MUT-023,SEED-012,STEP_ORDER_OR_CHEMISTRY_CONFLICT,DEGRADED,CORRECTNESS,,,,,,,ok/judge_missing
DEV-MUT-024,SEED-012,TARGET_MARKER_MISMATCH,DEGRADED,CORRECTNESS;S_LABEL,,,,,,,ok/judge_missing
DEV-MUT-025,SEED-014,CLEARING_TIME_OUT_OF_RANGE,EQUIVALENT,S_METHOD,,,,,,,ok/judge_missing
DEV-MUT-026,SEED-014,CLEARING_TIME_OUT_OF_RANGE,HARD_FAIL,S_TIME;COMPLETENESS,,,,,,,ok/judge_missing
DEV-MUT-027,SEED-014,METHOD_FLUOROPHORE_CONFLICT,DEGRADED,S_LABEL;CORRECTNESS,,,,,,,ok/judge_missing
DEV-MUT-028,SEED-016,CLEARING_TIME_OUT_OF_RANGE,EQUIVALENT,S_METHOD,,,,,,,ok/judge_missing
DEV-MUT-029,SEED-016,CLEARING_TIME_OUT_OF_RANGE,HARD_FAIL,S_TIME;COMPLETENESS,,,,,,,ok/judge_missing
DEV-MUT-030,SEED-016,METHOD_FLUOROPHORE_CONFLICT,DEGRADED,S_LABEL;CORRECTNESS,,,,,,,ok/judge_missing
DEV-MUT-031,SEED-017,CLEARING_TIME_OUT_OF_RANGE,EQUIVALENT,S_METHOD,,,,,,,ok/judge_missing
DEV-MUT-032,SEED-017,CLEARING_TIME_OUT_OF_RANGE,HARD_FAIL,S_TIME;COMPLETENESS,,,,,,,ok/judge_missing
DEV-MUT-033,SEED-017,METHOD_FLUOROPHORE_CONFLICT,DEGRADED,S_LABEL;CORRECTNESS,,,,,,,ok/judge_missing
DEV-MUT-034,SEED-018,CLEARING_TIME_OUT_OF_RANGE,EQUIVALENT,S_METHOD,,,,,,,ok/judge_missing
DEV-MUT-035,SEED-018,CLEARING_TIME_OUT_OF_RANGE,HARD_FAIL,S_TIME;COMPLETENESS,,,,,,,ok/judge_missing
DEV-MUT-036,SEED-018,METHOD_FLUOROPHORE_CONFLICT,DEGRADED,S_LABEL;CORRECTNESS,,,,,,,ok/judge_missing
DEV-MUT-037,SEED-019,CLEARING_TIME_OUT_OF_RANGE,EQUIVALENT,S_METHOD,,,,,,,ok/judge_missing
DEV-MUT-038,SEED-019,CLEARING_TIME_OUT_OF_RANGE,HARD_FAIL,S_TIME;COMPLETENESS,,,,,,,ok/judge_missing
DEV-MUT-039,SEED-019,METHOD_FLUOROPHORE_CONFLICT,DEGRADED,S_LABEL;CORRECTNESS,,,,,,,ok/judge_missing
DEV-MUT-040,SEED-021,STEP_ORDER_OR_CHEMISTRY_CONFLICT,EQUIVALENT,S_METHOD,,,,,,,ok/judge_missing
DEV-MUT-041,SEED-021,STEP_ORDER_OR_CHEMISTRY_CONFLICT,DEGRADED,CORRECTNESS,,,,,,,ok/judge_missing
DEV-MUT-042,SEED-021,TARGET_MARKER_MISMATCH,DEGRADED,CORRECTNESS;S_LABEL,,,,,,,ok/judge_missing
DEV-MUT-043,SEED-023,STEP_ORDER_OR_CHEMISTRY_CONFLICT,EQUIVALENT,S_METHOD,,,,,,,ok/judge_missing
DEV-MUT-044,SEED-023,STEP_ORDER_OR_CHEMISTRY_CONFLICT,DEGRADED,CORRECTNESS,,,,,,,ok/judge_missing
DEV-MUT-045,SEED-023,TARGET_MARKER_MISMATCH,DEGRADED,CORRECTNESS;S_LABEL,,,,,,,ok/judge_missing
DEV-MUT-046,SEED-024,REQUIRED_INFORMATION_OMISSION,EQUIVALENT,S_METHOD,,,,,,,ok/judge_missing
DEV-MUT-047,SEED-024,REQUIRED_INFORMATION_OMISSION,DEGRADED,COMPLETENESS;S_TIME,,,,,,,ok/judge_missing
DEV-MUT-048,SEED-024,SAMPLE_METHOD_OR_RI_SCOPE_CONFLICT,HARD_FAIL,S_METHOD;S_TRANS;S_TIME,,,,,,,ok/judge_missing
