model,id,family,kind,authored_status,technical_status,effective_status,err_status,err_prediction,primary_decisive_case
qwen3:8b,D01,DII_COMPATIBILITY,reference,SATISFIED,INVALID_JUDGMENT,,COMPLETED,SATISFIED,True
qwen3:8b,D02,DII_COMPATIBILITY,valid_alternative,SATISFIED,COMPLETED,UNRESOLVED,COMPLETED,SATISFIED,True
qwen3:8b,D03,DII_COMPATIBILITY,valid_alternative,SATISFIED,INVALID_JUDGMENT,,COMPLETED,SATISFIED,True
qwen3:8b,D04,DII_COMPATIBILITY,critical_failure,VIOLATED,COMPLETED,UNRESOLVED,COMPLETED,VIOLATED,True
qwen3:8b,D05,DII_COMPATIBILITY,critical_failure,VIOLATED,INVALID_JUDGMENT,,COMPLETED,VIOLATED,False
qwen3:8b,D06,DII_COMPATIBILITY,unsupported,UNRESOLVED,COMPLETED,UNRESOLVED,NOT_RUN,,False
qwen3:8b,D07,DII_COMPATIBILITY,missing_detail,UNDER_SPECIFIED,COMPLETED,UNRESOLVED,NOT_RUN,,False
qwen3:8b,D08,DII_COMPATIBILITY,valid_paraphrase,SATISFIED,COMPLETED,UNRESOLVED,COMPLETED,SATISFIED,True
qwen3:8b,F01,FDISCO_FIDELITY,reference,SATISFIED,COMPLETED,UNRESOLVED,COMPLETED,SATISFIED,True
qwen3:8b,F02,FDISCO_FIDELITY,parameter_nonconformity,VIOLATED,COMPLETED,UNRESOLVED,COMPLETED,VIOLATED,True
qwen3:8b,F03,FDISCO_FIDELITY,parameter_nonconformity,VIOLATED,COMPLETED,UNRESOLVED,COMPLETED,VIOLATED,True
qwen3:8b,F04,FDISCO_FIDELITY,valid_paraphrase,SATISFIED,COMPLETED,UNRESOLVED,COMPLETED,SATISFIED,True
qwen3:8b,F05,FDISCO_FIDELITY,missing_detail,UNDER_SPECIFIED,COMPLETED,UNRESOLVED,NOT_RUN,,False
qwen3:8b,G01,FRUIT_MORPHOLOGY,reference,SATISFIED,COMPLETED,UNRESOLVED,COMPLETED,SATISFIED,True
qwen3:8b,G02,FRUIT_MORPHOLOGY,critical_failure,VIOLATED,INVALID_JUDGMENT,,COMPLETED,VIOLATED,True
qwen3:8b,G03,FRUIT_MORPHOLOGY,critical_failure,VIOLATED,COMPLETED,UNRESOLVED,COMPLETED,SATISFIED,True
qwen3:8b,G04,FRUIT_MORPHOLOGY,valid_alternative,SATISFIED,COMPLETED,UNRESOLVED,COMPLETED,SATISFIED,True
qwen3:8b,G05,FRUIT_MORPHOLOGY,missing_detail,UNDER_SPECIFIED,INVALID_JUDGMENT,,NOT_RUN,,False
qwen3:8b,L01,DID_EXTRAPOLATION,unsupported,UNRESOLVED,COMPLETED,UNRESOLVED,NOT_RUN,,False
qwen3:14b,D01,DII_COMPATIBILITY,reference,SATISFIED,INVALID_JUDGMENT,,COMPLETED,SATISFIED,True
qwen3:14b,D02,DII_COMPATIBILITY,valid_alternative,SATISFIED,COMPLETED,SATISFIED,COMPLETED,SATISFIED,True
qwen3:14b,D03,DII_COMPATIBILITY,valid_alternative,SATISFIED,COMPLETED,SATISFIED,COMPLETED,SATISFIED,True
qwen3:14b,D04,DII_COMPATIBILITY,critical_failure,VIOLATED,INVALID_JUDGMENT,,COMPLETED,VIOLATED,True
qwen3:14b,D05,DII_COMPATIBILITY,critical_failure,VIOLATED,INVALID_JUDGMENT,,COMPLETED,SATISFIED,False
qwen3:14b,D06,DII_COMPATIBILITY,unsupported,UNRESOLVED,COMPLETED,UNRESOLVED,NOT_RUN,,False
qwen3:14b,D07,DII_COMPATIBILITY,missing_detail,UNDER_SPECIFIED,INVALID_JUDGMENT,,NOT_RUN,,False
qwen3:14b,D08,DII_COMPATIBILITY,valid_paraphrase,SATISFIED,INVALID_JUDGMENT,,COMPLETED,SATISFIED,True
qwen3:14b,F01,FDISCO_FIDELITY,reference,SATISFIED,COMPLETED,UNRESOLVED,COMPLETED,SATISFIED,True
qwen3:14b,F02,FDISCO_FIDELITY,parameter_nonconformity,VIOLATED,COMPLETED,VIOLATED,COMPLETED,VIOLATED,True
qwen3:14b,F03,FDISCO_FIDELITY,parameter_nonconformity,VIOLATED,COMPLETED,UNRESOLVED,COMPLETED,VIOLATED,True
qwen3:14b,F04,FDISCO_FIDELITY,valid_paraphrase,SATISFIED,COMPLETED,UNRESOLVED,COMPLETED,SATISFIED,True
qwen3:14b,F05,FDISCO_FIDELITY,missing_detail,UNDER_SPECIFIED,INVALID_JUDGMENT,,NOT_RUN,,False
qwen3:14b,G01,FRUIT_MORPHOLOGY,reference,SATISFIED,COMPLETED,SATISFIED,COMPLETED,SATISFIED,True
qwen3:14b,G02,FRUIT_MORPHOLOGY,critical_failure,VIOLATED,COMPLETED,UNRESOLVED,COMPLETED,VIOLATED,True
qwen3:14b,G03,FRUIT_MORPHOLOGY,critical_failure,VIOLATED,COMPLETED,UNRESOLVED,COMPLETED,VIOLATED,True
qwen3:14b,G04,FRUIT_MORPHOLOGY,valid_alternative,SATISFIED,COMPLETED,SATISFIED,COMPLETED,SATISFIED,True
qwen3:14b,G05,FRUIT_MORPHOLOGY,missing_detail,UNDER_SPECIFIED,INVALID_JUDGMENT,,NOT_RUN,,False
qwen3:14b,L01,DID_EXTRAPOLATION,unsupported,UNRESOLVED,COMPLETED,UNRESOLVED,NOT_RUN,,False
